{
    "1_paciente2_High_High_1024_LOD1": {
        "Version": "1.10.1822.1",
        "Scene": {
            "Name": true,
            "SupportShaderSelect": true
        },
        "Export Directory": "C:/Universidad/Trabajo de Titulacion/caso 4/paciente/paciente2",
        "Object": {
            "1_paciente2_High_High_1024_LOD1": {
                "Physics": {},
                "Meshes": {
                    "remesh_11_combined_Remeshed": {
                        "Materials": {
                            "remesh_11_combined_Bake": {
                                "Material Type": "Pbr",
                                "MultiUV Index": 0,
                                "Two Side": true,
                                "Diffuse Color": [
                                    255.0,
                                    255.0,
                                    255.0
                                ],
                                "Ambient Color": [
                                    0.0,
                                    0.0,
                                    0.0
                                ],
                                "Specular Color": [
                                    51.0,
                                    51.0,
                                    51.0
                                ],
                                "Opacity": 1.0,
                                "Self Illumination": 0.0,
                                "Textures": {
                                    "Metallic": {
                                        "Texture Path": "./textures/1_paciente2_High_High_1024_LOD1/remesh_11_combined_Bake_metallic.png",
                                        "Strength": 100.0,
                                        "Offset": [
                                            0.0,
                                            0.0
                                        ],
                                        "Tiling": [
                                            1.0,
                                            1.0
                                        ]
                                    },
                                    "Base Color": {
                                        "Texture Path": "remesh_11_combined_Bake_Diffuse.png",
                                        "Strength": 100.0,
                                        "Offset": [
                                            0.0,
                                            0.0
                                        ],
                                        "Tiling": [
                                            1.0,
                                            1.0
                                        ]
                                    },
                                    "Specular": {
                                        "Texture Path": "remesh_11_combined_Bake_Specular.png",
                                        "Strength": 100.0,
                                        "Offset": [
                                            0.0,
                                            0.0
                                        ],
                                        "Tiling": [
                                            1.0,
                                            1.0
                                        ]
                                    },
                                    "Roughness": {
                                        "Texture Path": "./textures/1_paciente2_High_High_1024_LOD1/remesh_11_combined_Bake_roughness.png",
                                        "Strength": 100.0,
                                        "Offset": [
                                            0.0,
                                            0.0
                                        ],
                                        "Tiling": [
                                            1.0,
                                            1.0
                                        ]
                                    },
                                    "Blend": {
                                        "Texture Path": "./textures/1_paciente2_High_High_1024_LOD1/remesh_11_combined_Bake_blend_multiply.png",
                                        "Strength": 100.0,
                                        "Offset": [
                                            0.0,
                                            0.0
                                        ],
                                        "Tiling": [
                                            1.0,
                                            1.0
                                        ],
                                        "Blend Mode": "Multiply"
                                    },
                                    "Normal": {
                                        "Texture Path": "remesh_11_combined_Bake_Normal.png",
                                        "Strength": 100.0,
                                        "Offset": [
                                            0.0,
                                            0.0
                                        ],
                                        "Tiling": [
                                            1.0,
                                            1.0
                                        ]
                                    },
                                    "Reflection": {
                                        "Texture Path": "remesh_11_combined_Bake_Reflection.png",
                                        "Strength": 100.0,
                                        "Offset": [
                                            0.0,
                                            0.0
                                        ],
                                        "Tiling": [
                                            1.0,
                                            1.0
                                        ]
                                    },
                                    "AO": {
                                        "Texture Path": "./textures/1_paciente2_High_High_1024_LOD1/remesh_11_combined_Bake_ao.png",
                                        "Strength": 100.0,
                                        "Offset": [
                                            0.0,
                                            0.0
                                        ],
                                        "Tiling": [
                                            1.0,
                                            1.0
                                        ]
                                    },
                                    "MetallicAlpha": {
                                        "Texture Path": "./textures/1_paciente2_High_High_1024_LOD1/remesh_11_combined_Bake_MetallicAlpha.png"
                                    }
                                },
                                "Resource Textures": {}
                            }
                        }
                    }
                }
            }
        }
    }
}